<?xml version="1.0" encoding="UTF-8"?>
<!--
 Licensed Materials - Property of IBM

 IBM Cognos Products: fmmd

 (C) Copyright IBM Corp. 2003, 2010

 US Government Users Restricted Rights - Use, duplication or disclosure 
 restricted by GSA ADP Schedule Contract with IBM Corp.
-->
<idlog></<t seq="21B81AA821B81AA8"><map><id i="0" s="[]"/></map><a seq="0"><id i="0"/></a></t><t seq="4087F9624087F962"><map><id i="0" s="[Model]"/></map><a seq="0"><id i="0"/></a></t><t seq="7C12C3917C12C391"><map></map></t><t seq="7C12C3917C12C391"><map></map></t></idlog>