<?xml version="1.0" encoding="UTF-8" ?>
<bmtactionlog project="C:\models\model\log.xml" timestamp="20180228175433836" user="Administrator" version="11.0.7.11"><transaction event="StartLog" saved="true" seq="1" timestamp="20180228175422744" uniqueId="F7CB5404F7CB5404" user="Administrator"/><transaction event="StartSession" saved="true" seq="2" timestamp="20180228175422744" uniqueId="F7CB5404F7CB5404" user="Administrator"/><transaction saved="true" seq="3" timestamp="20180228175422760" uniqueId="B4C5557FB4C5557F"><action seq="1" type="SetDefaultLocale"><inputparams><param seq="1" type="i18nstring"><value>fr-fr</value></param></inputparams><domchanges/><result success="t"><outputparams/></result></action></transaction><transaction saved="true" seq="4" timestamp="20180228175422760" uniqueId="247A48EE247A48EE"><action seq="1" type="Modify"><inputparams><param seq="1" type="handle"><mappingpath>project/@queryMode</mappingpath><value>/O/@queryMode/O/[]</value></param><param seq="2" type="i18nstring"><value>dynamic</value></param></inputparams><domchanges/><result success="t"><outputparams/></result></action></transaction><transaction saved="true" seq="5" timestamp="20180228175433836" uniqueId="8F55BB388F55BB38"><action seq="1" type="SetDefaultLocale"><inputparams><param seq="1" type="i18nstring"><value>en-gb</value></param></inputparams><domchanges/><result success="t"><outputparams/></result></action></transaction><transaction saved="true" seq="6" timestamp="20180228175433836" uniqueId="EF9232DDEF9232DD"><action seq="1" type="SetActiveLocale"><inputparams><param seq="1" type="i18nstring"><value>en-gb</value></param></inputparams><domchanges/><result success="t"><outputparams/></result></action></transaction><transaction event="Save" saved="true" seq="7" timestamp="20180228175433836" uniqueId="9895024B9895024B" user="Administrator"/><transaction saved="true" seq="8" timestamp="20180228175433851" uniqueId="21B81AA821B81AA8"><action seq="1" type="Modify"><inputparams><param seq="1" type="handle"><mappingpath>project/name</mappingpath><value>/O/name[0]/O/[]</value></param><param seq="2" type="i18nstring"><value>model</value></param></inputparams><domchanges/><result success="t"><outputparams/></result></action></transaction><transaction saved="true" seq="9" timestamp="20180228175433867" uniqueId="4087F9624087F962"><action seq="1" type="Modify"><inputparams><param seq="1" type="handle"><mappingpath>namespace/name</mappingpath><value>/O/name[0]/O/[Model]</value></param><param seq="2" type="i18nstring"><value>Model</value></param></inputparams><domchanges/><result success="t"><outputparams/></result></action></transaction><transaction event="Save" saved="true" seq="10" timestamp="20180228175501574" uniqueId="5B04FAD25B04FAD2" user="Administrator"/></bmtactionlog>
