<?xml version="1.0" encoding="UTF-8" ?>
<!--
 Licensed Materials - Property of IBM

 IBM Cognos Products: fmmd

 (C) Copyright IBM Corp. 2003, 2016

 US Government Users Restricted Rights - Use, duplication or disclosure
 restricted by GSA ADP Schedule Contract with IBM Corp.
-->
<project queryMode="dynamic" xmlns="http://www.developer.cognos.com/schemas/bmt/60/12" xmlns:xsi="http://www.w3.org/2001/XMLSchema-instance" xsi:schemaLocation="http://www.developer.cognos.com/schemas/bmt/60/12 BMTModelSpecification.xsd">
	<name>model</name>
	<locales>
		<locale>en-gb</locale>
	</locales>
	<defaultLocale>en-gb</defaultLocale>
	<namespace>
		<name locale="en-gb">Model</name>
		<lastChanged>2018-02-28T17:54:33</lastChanged>
	<lastChangedBy>admin</lastChangedBy></namespace>
	<dataSources/>
	<parameterMaps>
		<parameterMap hidden="true">
			<name>_env</name>
			<!--This reserved map supplies default values for session variables.-->
		</parameterMap>
		<parameterMap hidden="true">
			<name>_governor</name>
			<!--This reserved map specifies query governor limits.-->
		</parameterMap>
	</parameterMaps>
	<securityViews/>
	<packages/>
</project>
